Region,Total Sales
Africa,17204.79857142857
Asia,18434.12
Australia,7728.12
East,3207.6785714285716
Europe,12910.119999999999
North,32.0
North America,14276.119999999999
South,5.88
South America,16261.75
West,37.5
